Type,Description
Statistics,"Statistics is the study of collecting, analyzing, interpreting, presenting, and organizing data."
Statistics,It helps us understand and make decisions based on data.
Statistics,"Statistics deals with the collection, analysis, interpretation, and presentation of data."
Statistics,It provides methods for summarizing and interpreting data.
Statistics,"Statistics is used in various fields such as science, business, economics, and social sciences."
Statistics,It involves the use of mathematical tools and techniques to analyze data.
Statistics,Statistics helps in making predictions and forecasts based on data.
Statistics,It is used to test hypotheses and make inferences about populations.
Statistics,Statistics helps in understanding the variability and uncertainty in data.
Statistics,It provides methods for sampling and data collection.
Statistics,"Statistics includes descriptive statistics, which summarize data, and inferential statistics, which make predictions and inferences."
Statistics,It involves the use of probability theory to analyze data.
Statistics,Statistics is used to analyze the results of experiments and studies.
Statistics,It helps in making decisions in the presence of uncertainty.
Statistics,Statistics is used to analyze trends and patterns in data.
Statistics,It helps in understanding relationships between variables.
Statistics,Statistics is used in quality control to ensure products meet specifications.
Statistics,It is used in medical research to analyze the effectiveness of treatments.
Statistics,Statistics is used in finance to analyze market trends and risks.
Statistics,It is used in sports to analyze player performance and make strategic decisions.
Statistics,Statistics is used in polling and surveys to make predictions about populations.
Statistics,It is used in engineering to analyze and improve processes.
Statistics,Statistics is used in environmental science to analyze and interpret data on environmental issues.
Statistics,It is used in social sciences to analyze and interpret data on human behavior.
Statistics,Statistics is used in education to analyze and interpret student performance data.
Statistics,It helps in understanding and interpreting data visualizations such as charts and graphs.
Statistics,Statistics is used in data mining to extract useful information from large datasets.
Statistics,It helps in designing experiments and studies to collect data.
Statistics,Statistics is used in risk analysis to assess and mitigate risks.
Statistics,It helps in understanding and interpreting statistical models.
Statistics,Statistics is used in actuarial science to analyze and interpret data on insurance risks.
Statistics,It is used in epidemiology to analyze and interpret data on disease outbreaks.
Statistics,Statistics is used in psychology to analyze and interpret data on human behavior.
Statistics,It helps in understanding and interpreting data distributions.
Statistics,Statistics is used in market research to analyze and interpret consumer data.
Statistics,It is used in geology to analyze and interpret data on geological phenomena.
Statistics,Statistics is used in agriculture to analyze and interpret data on crop yields and agricultural practices.
Statistics,It helps in understanding and interpreting data patterns and trends.
Statistics,Statistics is used in genetics to analyze and interpret data on genetic traits.
Statistics,It is used in astronomy to analyze and interpret data on celestial objects.
Statistics,Statistics is used in physics to analyze and interpret data on physical phenomena.
Statistics,It helps in understanding and interpreting data variability.
Statistics,Statistics is used in chemistry to analyze and interpret data on chemical properties.
Statistics,It is used in biology to analyze and interpret data on biological systems.
Statistics,Statistics is used in economics to analyze and interpret economic data.
Statistics,It helps in understanding and interpreting data relationships.
Statistics,Statistics is used in computer science to analyze and interpret data on algorithms and computational problems.
Statistics,It is used in mathematics to analyze and interpret data on mathematical concepts.
Statistics,Statistics helps in understanding and interpreting data trends over time.
Statistics,It is used in various fields to analyze and interpret data to make informed decisions.
AI and Machine Learning,Machine learning is a subset of artificial intelligence that focuses on developing algorithms and models that allow computers to learn from and make predictions or decisions based on data.
AI and Machine Learning,It enables computers to improve their performance on a task without being explicitly programmed.
AI and Machine Learning,"Machine learning algorithms can be classified into three main types: supervised learning, unsupervised learning, and reinforcement learning."
AI and Machine Learning,"Supervised learning involves training a model on a labeled dataset, where the algorithm learns to map input data to the correct output."
AI and Machine Learning,"Unsupervised learning involves training a model on an unlabeled dataset, where the algorithm learns to find patterns or structure in the data."
AI and Machine Learning,"Reinforcement learning involves training a model to make a sequence of decisions, where the algorithm learns to maximize a reward signal."
AI and Machine Learning,"Machine learning algorithms can be used for a wide range of tasks, including classification, regression, clustering, and anomaly detection."
AI and Machine Learning,Classification is the task of predicting the class label of an input data point.
AI and Machine Learning,Regression is the task of predicting a continuous value for an input data point.
AI and Machine Learning,Clustering is the task of grouping similar data points together based on their features.
AI and Machine Learning,Anomaly detection is the task of identifying rare or unusual data points that do not conform to expected patterns.
AI and Machine Learning,"Machine learning models are typically evaluated based on metrics such as accuracy, precision, recall, and F1-score."
AI and Machine Learning,"Overfitting occurs when a model learns the training data too well and performs poorly on new, unseen data."
AI and Machine Learning,Underfitting occurs when a model is too simple to capture the underlying structure of the data and performs poorly on both training and test data.
AI and Machine Learning,Hyperparameters are parameters that are set before the learning process begins and affect the behavior of the model.
AI and Machine Learning,Cross-validation is a technique used to evaluate the performance of a machine learning model on multiple subsets of the data.
AI and Machine Learning,"Feature engineering is the process of selecting, transforming, and creating new features from the raw data to improve the performance of the model."
AI and Machine Learning,Deep learning is a subfield of machine learning that focuses on using neural networks with multiple layers to learn complex patterns in data.
AI and Machine Learning,Convolutional neural networks (CNNs) are a type of neural network commonly used for image recognition and classification tasks.
AI and Machine Learning,"Recurrent neural networks (RNNs) are a type of neural network commonly used for sequence data, such as text or speech."
AI and Machine Learning,Transfer learning is a technique where a model trained on one task is reused as the starting point for a model on a new task.
AI and Machine Learning,Ensemble learning is a technique where multiple models are trained and combined to improve the performance of the final model.
AI and Machine Learning,"Bias is the error introduced by approximating a real problem, which may be very complex, by a much simpler model."
AI and Machine Learning,Variance is the error introduced by the model's sensitivity to small fluctuations in the training data.
AI and Machine Learning,Regularization is a technique used to prevent overfitting by adding a penalty term to the model's objective function.
AI and Machine Learning,Feature selection is the process of selecting a subset of relevant features to reduce the complexity of the model and improve its performance.
AI and Machine Learning,Gradient descent is an optimization algorithm used to minimize the error of a model by adjusting its parameters iteratively.
AI and Machine Learning,Stochastic gradient descent is a variant of gradient descent that uses a random subset of the training data to update the model's parameters.
AI and Machine Learning,Batch gradient descent is a variant of gradient descent that uses the entire training dataset to update the model's parameters.
AI and Machine Learning,Learning rate is a hyperparameter that controls the size of the steps taken by the optimization algorithm during training.
AI and Machine Learning,Activation functions are mathematical functions used in neural networks to introduce non-linearity into the model.
AI and Machine Learning,Loss functions are used to measure the error between the predicted output of a model and the actual output.
AI and Machine Learning,"A neural network is a network of interconnected neurons, inspired by the structure of the human brain."
AI and Machine Learning,Deep reinforcement learning is a combination of deep learning and reinforcement learning used to train agents to perform complex tasks.
AI and Machine Learning,Autoencoders are a type of neural network used for unsupervised learning that learns to encode and decode data.
AI and Machine Learning,Generative adversarial networks (GANs) are a type of neural network used for generating new data samples from a given dataset.
AI and Machine Learning,Natural language processing (NLP) is a subfield of machine learning that focuses on the interaction between computers and humans using natural language.
AI and Machine Learning,Support vector machines (SVMs) are a type of supervised learning algorithm used for classification and regression tasks.
AI and Machine Learning,K-means clustering is a type of unsupervised learning algorithm used for clustering data points into k clusters.
AI and Machine Learning,Principal component analysis (PCA) is a technique used for dimensionality reduction by projecting data onto a lower-dimensional space.
AI and Machine Learning,Random forests are an ensemble learning technique that uses multiple decision trees to improve the accuracy of the model.
AI and Machine Learning,Gradient boosting is an ensemble learning technique that combines multiple weak learners to create a strong learner.
AI and Machine Learning,Hyperparameter tuning is the process of selecting the best hyperparameters for a model to optimize its performance.
AI and Machine Learning,"Model evaluation is the process of assessing the performance of a machine learning model using metrics such as accuracy, precision, recall, and F1-score."
AI and Machine Learning,"Bias-variance tradeoff is the tradeoff between bias and variance in a model, where reducing one usually increases the other."
AI and Machine Learning,Deep reinforcement learning is a combination of deep learning and reinforcement learning used to train agents to perform complex tasks.
AI and Machine Learning,Autoencoders are a type of neural network used for unsupervised learning that learns to encode and decode data.
AI and Machine Learning,Generative adversarial networks (GANs) are a type of neural network used for generating new data samples from a given dataset.
AI and Machine Learning,Natural language processing (NLP) is a subfield of machine learning that focuses on the interaction between computers and humans using natural language.
AI and Machine Learning,Support vector machines (SVMs) are a type of supervised learning algorithm used for classification and regression tasks.
Computer Security,"Computer security, also known as cybersecurity or IT security, is the practice of protecting computer systems, networks, and data from theft, damage, or unauthorized access."
Computer Security,"It involves implementing measures to ensure the confidentiality, integrity, and availability of information stored on or transmitted through computer systems."
Computer Security,"Cybersecurity threats include malware, phishing attacks, ransomware, and unauthorized access by hackers."
Computer Security,Confidentiality ensures that information is only accessible to those who are authorized to access it.
Computer Security,Integrity ensures that information is accurate and has not been tampered with or altered.
Computer Security,Availability ensures that information and services are accessible when needed.
Computer Security,A firewall is a network security device that monitors and controls incoming and outgoing network traffic based on predetermined security rules.
Computer Security,"Antivirus software is a program that detects, prevents, and removes malware from computer systems."
Computer Security,Encryption is the process of converting data into a secure format that can only be read by authorized users.
Computer Security,Two-factor authentication (2FA) is a security process that requires users to provide two different authentication factors to verify their identity.
Computer Security,Phishing is a type of cyber attack where attackers use fraudulent emails or websites to trick individuals into providing sensitive information.
Computer Security,Ransomware is a type of malware that encrypts a victim's files and demands payment for the decryption key.
Computer Security,Social engineering is a technique used by attackers to manipulate individuals into divulging confidential information.
Computer Security,Vulnerability is a weakness in a computer system or network that can be exploited by attackers.
Computer Security,Patching is the process of applying updates to software or systems to fix vulnerabilities and improve security.
Computer Security,A denial-of-service (DoS) attack is an attack that aims to disrupt the normal functioning of a computer system or network by overwhelming it with a large volume of traffic.
Computer Security,Intrusion detection systems (IDS) are security tools that monitor network traffic for suspicious activity or behavior.
Computer Security,Intrusion prevention systems (IPS) are security tools that can detect and block malicious network traffic in real-time.
Computer Security,A security audit is a systematic evaluation of an organization's information security practices to identify vulnerabilities and improve security.
Computer Security,"Penetration testing, also known as ethical hacking, is a simulated cyber attack on a computer system or network to identify security weaknesses."
Computer Security,"Endpoint security is the practice of securing endpoints, such as computers, laptops, and mobile devices, from cyber threats."
Computer Security,Data loss prevention (DLP) is a set of tools and processes used to prevent the unauthorized transmission of sensitive information outside of an organization.
Computer Security,Secure sockets layer (SSL) and transport layer security (TLS) are cryptographic protocols that secure communication over the internet.
Computer Security,Security policies are guidelines and rules set by an organization to ensure the secure use of computer systems and networks.
Computer Security,Security awareness training is the process of educating employees about cybersecurity best practices to reduce the risk of security incidents.
Embedded Systems,"An embedded system is a computer system designed to perform specific functions within a larger system, often with real-time constraints."
Embedded Systems,"Embedded systems are found in a wide range of devices, including consumer electronics, automotive systems, medical devices, and industrial machines."
Embedded Systems,These systems are typically optimized for specific tasks and are often more cost-effective and energy-efficient than general-purpose computers.
Embedded Systems,Embedded systems often use microcontrollers or microprocessors as their central processing unit (CPU).
Embedded Systems,Real-time operating systems (RTOS) are often used in embedded systems to manage tasks and ensure timely execution.
Embedded Systems,"Embedded systems can be classified into categories such as standalone, networked, mobile, and real-time embedded systems."
Embedded Systems,"Standalone embedded systems are independent systems that perform a specific function, such as a microwave oven or a washing machine."
Embedded Systems,"Networked embedded systems are connected to a network and can communicate with other devices, such as smart home devices or industrial control systems."
Embedded Systems,"Mobile embedded systems are used in portable devices, such as smartphones, tablets, and wearable devices."
Embedded Systems,"Real-time embedded systems are designed to respond to events within a specific time frame, often used in control systems and automation."
Embedded Systems,"Embedded systems often have limited resources, such as memory, processing power, and energy, which require efficient programming and design."
Embedded Systems,"Firmware is the software that is embedded into the hardware of an embedded system, providing the necessary functionality to the system."
Embedded Systems,"Development of embedded systems often involves hardware design, software development, and integration of components."
Embedded Systems,"Embedded systems can be programmed using low-level languages such as C or assembly language, as well as high-level languages such as C++ or Python."
Embedded Systems,"Hardware components of embedded systems include microcontrollers, sensors, actuators, memory, and communication interfaces."
Embedded Systems,"Embedded systems are used in a wide range of applications, including automotive, aerospace, healthcare, consumer electronics, and industrial automation."
Embedded Systems,"Real-time embedded systems are used in applications that require precise timing, such as control systems, robotics, and medical devices."
Embedded Systems,"Embedded systems are often designed to operate in harsh environments, such as extreme temperatures, vibrations, and humidity."
Embedded Systems,"Power consumption is a critical consideration in embedded system design, as many devices are battery-powered or require low power consumption for efficiency."
Embedded Systems,"Security is a growing concern in embedded systems, as they are increasingly connected to networks and vulnerable to cyber attacks."
Embedded Systems,"Embedded systems often require specialized development tools, such as compilers, debuggers, and simulators, to aid in the development process."
Embedded Systems,"Embedded systems can be programmed using various development methodologies, including agile development, iterative development, and waterfall model."
Embedded Systems,"The Internet of Things (IoT) is driving the growth of embedded systems, as more devices become connected and require embedded computing capabilities."
Embedded Systems,"Embedded systems play a crucial role in the automation of industrial processes, improving efficiency and reducing human error."
Embedded Systems,"As technology advances, embedded systems continue to evolve, with increased connectivity, intelligence, and integration into everyday devices."
System Administration,"System administrators, or sysadmins, are responsible for ensuring the smooth operation of computer systems, servers, and networks within an organization."
System Administration,"They are tasked with installing, configuring, and maintaining hardware and software components to ensure the reliability and security of IT infrastructure."
System Administration,"System administrators manage user accounts, permissions, and access controls to protect sensitive information and ensure data integrity."
System Administration,They monitor system performance and troubleshoot issues to minimize downtime and ensure optimal performance.
System Administration,"Backup and recovery are crucial aspects of system administration, as sysadmins are responsible for ensuring data is backed up regularly and can be restored in the event of data loss or corruption."
System Administration,"Patch management is another critical function of system administration, as sysadmins are responsible for keeping systems up to date with the latest security patches and updates."
System Administration,"System administrators also play a role in planning and implementing IT projects, such as system upgrades, migrations, and new installations."
System Administration,"They may also be responsible for managing virtualized environments, such as VMware or Hyper-V, to optimize resource utilization and streamline management."
System Administration,"Security is a key focus for system administrators, as they are responsible for implementing and maintaining security measures to protect against cyber threats and unauthorized access."
System Administration,"System administrators often work closely with other IT teams, such as network administrators, database administrators, and security professionals, to ensure the overall health and security of the IT infrastructure."
System Administration,"They may also work with vendors and service providers to procure hardware, software, and services that meet the organization's needs."
System Administration,"System administrators must stay up to date with the latest technologies, trends, and best practices in system administration to ensure the organization's IT infrastructure remains secure and efficient."
System Administration,"Documentation is a critical aspect of system administration, as sysadmins are responsible for maintaining accurate records of system configurations, procedures, and policies."
System Administration,"System administrators may also be responsible for managing cloud-based services and infrastructure, such as AWS, Azure, or Google Cloud Platform."
System Administration,"Disaster recovery planning is an important part of system administration, as sysadmins are responsible for developing and implementing strategies to recover from system failures or disasters."
System Administration,"Automation is becoming increasingly important in system administration, as sysadmins use tools such as scripts and configuration management tools to automate repetitive tasks and improve efficiency."
System Administration,"System administrators must have strong problem-solving skills, as they are often called upon to troubleshoot complex technical issues and find solutions quickly."
System Administration,"Communication skills are also essential for system administrators, as they must be able to communicate technical information clearly and effectively to non-technical stakeholders."
System Administration,"System administrators may work in a variety of settings, including corporate IT departments, government agencies, healthcare organizations, and educational institutions."
System Administration,"The role of system administrator is often challenging and fast-paced, requiring the ability to prioritize and manage multiple tasks simultaneously."
System Administration,"System administrators may also be responsible for managing and monitoring network infrastructure, including routers, switches, and firewalls."
System Administration,"They may also be involved in capacity planning, ensuring that IT resources are effectively utilized and can meet future demand."
System Administration,System administrators are often required to be on call or work outside of regular business hours to respond to emergencies or perform maintenance tasks.
System Administration,System administrators may also be responsible for training end users on IT systems and best practices to ensure they can use technology effectively and securely.
System Administration,"Overall, system administrators play a crucial role in ensuring the reliability, security, and efficiency of an organization's IT infrastructure, helping to support its operations and goals."
Electrical Engineering,"Electrical and computer engineering (ECE) is a field of engineering that focuses on the design, development, and testing of electrical systems and computer technology."
Electrical Engineering,"ECE encompasses a wide range of topics, including electronics, digital systems, telecommunications, power systems, and computer hardware and software."
Electrical Engineering,"ECE professionals work on a variety of projects, from designing microchips and circuits to developing software for computer systems and designing communication networks."
Electrical Engineering,"Electrical engineers focus on the generation, distribution, and use of electrical power, while computer engineers focus on designing and developing computer systems and software."
Electrical Engineering,"ECE professionals often work in industries such as telecommunications, aerospace, automotive, and manufacturing, as well as in research and academia."
Electrical Engineering,They use mathematical and scientific principles to solve complex problems and develop innovative technologies.
Electrical Engineering,"ECE professionals work with a variety of tools and equipment, including oscilloscopes, multimeters, circuit simulators, and computer-aided design (CAD) software."
Electrical Engineering,"They often collaborate with other engineers and professionals, such as mechanical engineers, software developers, and project managers, to complete projects successfully."
Electrical Engineering,ECE professionals must stay up-to-date with the latest developments in technology and industry standards to remain competitive in their field.
Electrical Engineering,"They often work on interdisciplinary projects that require a combination of electrical engineering, computer engineering, and other engineering disciplines."
Electrical Engineering,ECE professionals must adhere to ethical standards and guidelines to ensure the safety and reliability of their work.
Electrical Engineering,"They often work in teams to design, develop, and test new technologies and systems."
Electrical Engineering,ECE professionals must have strong analytical and problem-solving skills to identify and resolve technical issues.
Electrical Engineering,They must also have good communication skills to effectively communicate complex technical concepts to non-technical stakeholders.
Electrical Engineering,"ECE professionals often work on projects that have a significant impact on society, such as developing renewable energy technologies, improving telecommunications infrastructure, and advancing healthcare technologies."
Electrical Engineering,They must comply with safety regulations and standards to ensure the safety of their work environment and the public.
Electrical Engineering,"ECE professionals often work on cutting-edge technologies, such as artificial intelligence, robotics, and the Internet of Things (IoT)."
Electrical Engineering,"They must have a strong foundation in mathematics, physics, and computer science to succeed in their field."
Electrical Engineering,"ECE professionals often pursue advanced degrees, such as master's or doctoral degrees, to specialize in a particular area of ECE."
Electrical Engineering,"They often participate in professional development activities, such as workshops, conferences, and seminars, to stay current with industry trends and developments."
Electrical Engineering,"ECE professionals must be able to work under pressure and meet tight deadlines, especially when working on projects with strict timelines."
Electrical Engineering,They often use modeling and simulation tools to design and test new technologies before they are implemented in real-world applications.
Electrical Engineering,"ECE professionals must have a strong understanding of electrical circuits, digital systems, and computer architecture to design and develop complex systems."
Electrical Engineering,"They often work on projects that require a multidisciplinary approach, such as designing a new medical device or developing a new communication protocol."
Electrical Engineering,ECE professionals must be able to think creatively and innovatively to solve complex engineering problems.
Electrical Engineering,"They often work on projects that require them to collaborate with other engineers, scientists, and researchers from different disciplines."
Electrical Engineering,"ECE professionals often work in research labs, where they conduct experiments and tests to develop new technologies and improve existing ones."
Electrical Engineering,"They often use software tools, such as MATLAB, Simulink, and LabVIEW, to design and simulate electrical and computer systems."
Electrical Engineering,"ECE professionals often work on projects that require them to travel to different locations, such as field sites or client offices."
Electrical Engineering,They often work on projects that require them to develop prototypes and test them in real-world conditions.
Electrical Engineering,ECE professionals often work on projects that require them to analyze data and interpret results to draw meaningful conclusions.
Electrical Engineering,They often work on projects that require them to write technical reports and present their findings to clients or stakeholders.
Electrical Engineering,ECE professionals often work on projects that require them to adhere to strict safety standards and regulations to ensure the safety of their work environment and the public.
Electrical Engineering,They often work on projects that require them to stay current with the latest developments in technology and industry standards.
Electrical Engineering,"ECE professionals often work on projects that require them to collaborate with other engineers, scientists, and researchers from different disciplines."
Electrical Engineering,They often work on projects that require them to think critically and analytically to solve complex engineering problems.
Electrical Engineering,"ECE professionals often work on projects that require them to communicate effectively with clients, stakeholders, and team members."
Electrical Engineering,They often work on projects that require them to manage time and resources effectively to meet project deadlines and budget constraints.
Electrical Engineering,ECE professionals often work on projects that require them to adapt to changing technologies and industry trends.
Electrical Engineering,They often work on projects that require them to develop innovative solutions to engineering problems.
Electrical Engineering,ECE professionals often work on projects that require them to conduct research and develop new technologies.
Electrical Engineering,They often work on projects that require them to analyze and interpret data to draw meaningful conclusions.
Electrical Engineering,ECE professionals often work on projects that require them to design and develop new products and systems.
Electrical Engineering,"They often work on projects that require them to collaborate with other engineers, scientists, and researchers to achieve common goals."
Electrical Engineering,ECE professionals often work on projects that require them to adhere to ethical standards and guidelines.
Electrical Engineering,They often work on projects that require them to communicate technical information to non-technical audiences.
Electrical Engineering,ECE professionals often work on projects that require them to stay current with the latest developments in technology and industry standards.
Electrical Engineering,They often work on projects that require them to work independently and as part of a team.
Electrical Engineering,ECE professionals often work on projects that require them to manage time and resources effectively.
Electrical Engineering,They often work on projects that require them to solve complex engineering problems.
Data science,"Data science is a multidisciplinary field that uses scientific methods, processes, algorithms, and systems to extract knowledge and insights from structured and unstructured data."
Data science,"It combines principles from statistics, mathematics, computer science, domain knowledge, and information science to understand complex phenomena and solve real-world problems."
Data science,"Data scientists analyze large volumes of data to identify trends, patterns, and relationships that can be used to make informed decisions."
Data science,"The goal of data science is to uncover hidden patterns in data and use them to drive business decisions, improve processes, and create new products and services."
Data science,"Data science involves a range of techniques, including data mining, machine learning, statistical analysis, and data visualization."
Data science,"Data mining is the process of discovering patterns in large datasets using techniques from machine learning, statistics, and database systems."
Data science,Machine learning is a subset of artificial intelligence that focuses on developing algorithms that can learn from and make predictions or decisions based on data.
Data science,Statistical analysis is used to interpret data and make inferences about populations based on sample data.
Data science,Data visualization is the graphical representation of data to help users understand and interpret complex datasets.
Data science,"Data scientists use programming languages such as Python, R, and SQL to analyze data and develop algorithms."
Data science,"They also use tools and libraries such as TensorFlow, scikit-learn, and pandas to implement machine learning algorithms and perform data analysis."
Data science,"Data science is used in a wide range of industries, including healthcare, finance, marketing, and e-commerce."
Data science,"In healthcare, data science is used to analyze patient data and develop predictive models for disease diagnosis and treatment."
Data science,"In finance, data science is used to analyze market trends and make investment decisions."
Data science,"In marketing, data science is used to analyze customer behavior and develop targeted advertising campaigns."
Data science,"In e-commerce, data science is used to analyze user behavior and personalize the shopping experience."
Data science,"Data science involves several steps, including data collection, data cleaning, data exploration, model building, and model deployment."
Data science,"Data collection involves gathering data from various sources, such as databases, websites, and sensors."
Data science,"Data cleaning is the process of removing errors, duplicates, and inconsistencies from the data."
Data science,Data exploration involves visualizing and summarizing the data to gain insights and identify patterns.
Data science,Model building involves selecting and training machine learning algorithms to make predictions or decisions based on the data.
Data science,Model deployment involves integrating the model into a production environment so that it can be used to make real-time decisions.
Data science,"Data science is closely related to data analytics, but data analytics focuses more on descriptive and diagnostic analysis, while data science also includes predictive and prescriptive analysis."
Data science,"Predictive analytics involves using historical data to predict future outcomes, while prescriptive analytics involves recommending actions based on the predictions."
Data science,"Data science has ethical implications, including issues related to data privacy, bias, and transparency."
Data science,Data scientists must adhere to ethical guidelines and regulations to ensure that their work is conducted responsibly and ethically.
Data science,"Data science is an evolving field, with new techniques and technologies constantly being developed."
Data science,Data scientists must continuously update their skills and knowledge to stay current with the latest trends and developments in the field.
Data science,"Data science can be used to solve a wide range of problems, from improving healthcare outcomes to optimizing supply chain operations."
Data science,"Data science is often used in conjunction with other fields, such as artificial intelligence, to develop intelligent systems that can learn and adapt to new data."
Data science,Data science is used in academia to conduct research and advance scientific knowledge in various disciplines.
Data science,Data science is used in government to analyze data and inform policy decisions.
Data science,Data science is used in sports to analyze player performance and make strategic decisions.
Data science,Data science is used in agriculture to optimize crop yields and reduce waste.
Data science,Data science is used in transportation to optimize routes and reduce congestion.
Data science,Data science is used in energy to optimize energy consumption and reduce costs.
Data science,Data science is used in manufacturing to optimize production processes and improve quality control.
Data science,Data science is used in retail to analyze customer behavior and optimize inventory management.
Data science,Data science is used in cybersecurity to detect and prevent cyber attacks.
Data science,Data science is used in education to analyze student performance and personalize learning experiences.
Data science,Data science is used in environmental science to analyze environmental data and inform conservation efforts.
Data science,Data science is used in social media to analyze user behavior and improve user engagement.
Data science,Data science is used in entertainment to analyze audience preferences and optimize content delivery.
Data science,Data science is used in finance to analyze market trends and inform investment decisions.
Data science,Data science is used in healthcare to analyze patient data and improve diagnosis and treatment.
Data science,Data science is used in marketing to analyze customer behavior and optimize marketing campaigns.
Data science,Data science is used in telecommunications to analyze network data and optimize network performance.
Data science,Data science is used in transportation to analyze traffic data and optimize transportation systems.
Data science,Data science is used in energy to analyze energy data and optimize energy consumption.
Data science,Data science is used in manufacturing to analyze production data and optimize manufacturing processes.
Computer Science,"Computer science is the study of computers and computational systems, including their design, development, and use."
Computer Science,"It encompasses a wide range of topics, including algorithms, programming languages, software development, artificial intelligence, and computer hardware."
Computer Science,Computer scientists use mathematical and logical concepts to develop efficient algorithms for solving complex problems.
Computer Science,Programming languages are used to write instructions that tell computers what to do.
Computer Science,"Software development involves designing, coding, testing, and maintaining software applications."
Computer Science,Artificial intelligence is a branch of computer science that focuses on creating intelligent machines that can simulate human behavior.
Computer Science,"Computer hardware refers to the physical components of a computer system, such as the processor, memory, and storage devices."
Computer Science,Information theory is the study of how information is represented and transmitted in computer systems.
Computer Science,"Cryptography is the study of secure communication techniques, such as encryption and decryption."
Computer Science,Networking is the study of how computers are connected to each other to share resources and communicate.
Computer Science,Operating systems are software that manage computer hardware and provide services for software applications.
Computer Science,Computer graphics is the study of how computers generate and manipulate visual images.
Computer Science,Human-computer interaction is the study of how humans interact with computers and software.
Computer Science,Databases are used to store and retrieve large amounts of data efficiently.
Computer Science,Computer security is the practice of protecting computer systems and data from unauthorized access and cyber attacks.
Computer Science,Parallel computing is the study of how to perform multiple tasks simultaneously using multiple processors.
Computer Science,Distributed computing is the study of how to distribute computing tasks across multiple computers to achieve a common goal.
Computer Science,Computational complexity theory is the study of how to measure the computational resources required to solve a problem.
Computer Science,Data structures are used to organize and store data in a computer system.
Computer Science,Algorithms are step-by-step instructions for solving a problem or completing a task.
Computer Science,Software engineering is the application of engineering principles to software development.
Computer Science,Computer vision is the study of how computers can be used to understand and interpret visual information.
Computer Science,Machine learning is a branch of artificial intelligence that focuses on developing algorithms that can learn from and make predictions based on data.
Computer Science,Data mining is the process of discovering patterns and relationships in large datasets.
Computer Science,Robotics is the study of how to design and build robots that can perform tasks autonomously.
Computer Science,Bioinformatics is the application of computer science and information technology to the field of biology.
Computer Science,Computational linguistics is the study of how computers can be used to understand and generate human language.
Computer Science,Quantum computing is the study of how to use quantum-mechanical phenomena to perform computation.
Computer Science,Compiler design is the study of how to translate programming languages into machine code.
Computer Science,Computer architecture is the study of how to design and build computer systems.
Computer Science,Formal methods are mathematical techniques used to verify the correctness of computer systems.
Computer Science,Software testing is the process of evaluating software to ensure that it meets specified requirements.
Computer Science,Cloud computing is the delivery of computing services over the internet.
Computer Science,Big data is a term used to describe large and complex datasets that cannot be easily processed using traditional data processing techniques.
Computer Science,"Internet of Things (IoT) is the network of physical devices embedded with sensors, software, and other technologies that enable them to connect and exchange data with other devices and systems."
Computer Science,Virtual reality is a computer-generated simulation of a three-dimensional image or environment that can be interacted with in a seemingly real or physical way.
Computer Science,"Augmented reality is a technology that overlays computer-generated images or information on the real world, typically viewed through a smartphone or special glasses."
Computer Science,"Computer-aided design (CAD) is the use of computer systems to aid in the creation, modification, analysis, or optimization of a design."
Computer Science,Computer-aided manufacturing (CAM) is the use of computer software to control machine tools and related machinery in the manufacturing of workpieces.
Computer Science,Embedded systems are computer systems designed to perform specific functions within a larger system.
Computer Science,Computational biology is the study of biological systems and processes using computational techniques.
Computer Science,Computational neuroscience is the study of how the brain processes information using computational models.
Computer Science,"Computer forensics is the practice of collecting, analyzing, and preserving electronic evidence for use in legal proceedings."
Computer Science,Information retrieval is the study of how to retrieve relevant information from large collections of data.
Computer Science,Natural language processing is the study of how computers can be used to understand and manipulate natural language text.
Computer Science,Computer music is the study of how computers can be used to create and manipulate music.
Computer Science,Computational physics is the use of computer simulations and numerical analysis to solve complex physical problems.
Computer Science,Computer algebra is the study of how computers can be used to manipulate mathematical expressions and equations.
Computer Science,Computer ethics is the study of ethical issues related to computer technology and its use.
Computer Science,Computer modeling is the process of creating mathematical models of real-world systems using computer software.
Math,"Arithmetic: Arithmetic is the most basic branch of mathematics, dealing with numbers and the basic operations of addition, subtraction, multiplication, and division."
Math,Algebra: Algebra is a branch of mathematics that deals with symbols and the rules for manipulating these symbols to solve equations and represent mathematical structures.
Math,"Geometry: Geometry is the branch of mathematics concerned with the properties and relationships of points, lines, angles, surfaces, and solids."
Math,Trigonometry: Trigonometry is the branch of mathematics that deals with the study of triangles and the relationships between their sides and angles.
Math,"Calculus: Calculus is the branch of mathematics that deals with the study of rates of change and accumulation of quantities, and it includes differential and integral calculus."
Math,"Statistics: Statistics is the branch of mathematics that deals with collecting, analyzing, interpreting, presenting, and organizing data."
Math,Probability: Probability is the branch of mathematics concerned with the likelihood of different outcomes occurring in an uncertain situation.
Math,"Number theory: Number theory is the branch of mathematics that deals with the properties and relationships of numbers, particularly integers."
Math,"Linear algebra: Linear algebra is the branch of mathematics that deals with vector spaces and linear mappings between these spaces, including systems of linear equations."
Math,"Differential equations: Differential equations are equations that involve an unknown function and its derivatives, and they are used to model a wide range of physical phenomena."
Math,"Topology: Topology is the branch of mathematics that deals with the properties of space that are preserved under continuous transformations, such as stretching or bending."
Math,"Discrete mathematics: Discrete mathematics is the branch of mathematics that deals with countable sets, such as integers, and includes topics like graph theory and combinatorics."
Math,Logic: Logic is the branch of mathematics that deals with formal reasoning and the study of valid inference and argument.
Math,"Set theory: Set theory is the branch of mathematics that deals with the study of sets, which are collections of objects."
Math,"Complex analysis: Complex analysis is the branch of mathematics that deals with functions of complex variables, including complex numbers and their properties."
Math,"Numerical analysis: Numerical analysis is the branch of mathematics that deals with the development and analysis of numerical algorithms for solving problems in mathematics, science, and engineering."
Math,Game theory: Game theory is the branch of mathematics that deals with the study of strategic decision-making in situations where the outcome depends on the choices of others.
Math,"Graph theory: Graph theory is the branch of mathematics that deals with the study of graphs, which are mathematical structures used to model pairwise relations between objects."
Math,"Combinatorics: Combinatorics is the branch of mathematics that deals with counting, arranging, and combining objects in finite sets."
Math,"Matrices: Matrices are rectangular arrays of numbers, symbols, or expressions arranged in rows and columns, and they are used in many areas of mathematics and science."
Math,"Vectors: Vectors are mathematical objects that have both magnitude and direction, and they are used to represent quantities such as force or velocity."
Math,Eigenvalues and eigenvectors: Eigenvalues and eigenvectors are concepts in linear algebra that are used to analyze linear transformations.
Math,Fourier analysis: Fourier analysis is the branch of mathematics that deals with representing functions as sums of trigonometric functions and analyzing them using Fourier series and transforms.
Math,Bayesian statistics: Bayesian statistics is a branch of statistics that uses probability theory to model uncertainty and update beliefs in the light of new evidence.
Math,Linear programming: Linear programming is a method for finding the maximum or minimum value of a linear objective function subject to linear equality and inequality constraints.
Math,"Markov chains: Markov chains are mathematical systems that undergo transitions from one state to another according to certain probabilistic rules, and they are used to model stochastic processes."
Math,PDEs (Partial Differential Equations): PDEs are equations that involve partial derivatives of an unknown function with respect to two or more independent variables.
Math,ODEs (Ordinary Differential Equations): ODEs are equations that involve derivatives of an unknown function with respect to a single independent variable.
Math,Bayes' theorem: Bayes' theorem is a fundamental theorem in probability theory that describes how to update the probability of a hypothesis based on new evidence.
Math,"Vector calculus: Vector calculus is a branch of mathematics that deals with the study of vector fields and scalar fields, and it includes operations such as gradient, divergence, and curl."
Math,Boolean algebra: Boolean algebra is a branch of algebra that deals with operations on logical values and is used in computer science and digital electronics.
Math,"Information theory: Information theory is the branch of mathematics that deals with the quantification of information and its transmission, storage, and processing."
Math,Game theory: Game theory is the study of mathematical models of conflict and cooperation between intelligent rational decision-makers.
Math,Decision theory: Decision theory is the study of how decisions are made given uncertain conditions and it is closely related to probability theory.
Math,Coding theory: Coding theory is the study of the properties of codes and their fitness for a specific application.
Math,"Control theory: Control theory is the study of how to manipulate the behavior of dynamic systems, usually in the presence of feedback, to achieve desired goals."
Math,Numerical analysis: Numerical analysis is the study of algorithms that use numerical approximation to solve mathematical problems.
Math,"Category theory: Category theory is the study of mathematical structures that capture the essence of mathematical concepts such as sets, groups, and topological spaces."
Math,Homotopy theory: Homotopy theory is the study of continuous mappings between topological spaces and the properties that are preserved under such mappings.
Math,"Algebraic geometry: Algebraic geometry is the study of geometric objects defined by algebraic equations, such as curves, surfaces, and higher-dimensional analogs."
Math,"Representation theory: Representation theory is the study of how abstract algebraic structures can be represented concretely as matrices, particularly in the context of groups."
Math,"Knot theory: Knot theory is the study of mathematical knots, which are closed loops in three-dimensional space, and their properties."
Math,"Number theory: Number theory is the study of the properties and relationships of numbers, particularly integers."
Math,"Measure theory: Measure theory is the study of how to assign measures to sets in a way that generalizes concepts like length, area, and volume."
Math,"Functional analysis: Functional analysis is the study of vector spaces equipped with some kind of limit or continuity structure, such as normed spaces and inner product spaces."
Math,"Algebraic topology: Algebraic topology is the study of topological spaces using algebraic techniques, such as homology and cohomology."
Math,"Differential geometry: Differential geometry is the study of geometric objects using differential calculus, such as curves, surfaces, and manifolds."
Math,"Lie theory: Lie theory is the study of Lie groups, which are groups that are also differentiable manifolds, and their representations."
Math,"Algorithms: Algorithms are step-by-step procedures for solving problems, often expressed as a sequence of instructions to be followed by a computer."
Math,"Linear algebra: Linear algebra is the branch of mathematics that deals with vector spaces and linear mappings between these spaces, including systems of linear equations."
Algorithms,An algorithm is a step-by-step procedure or formula for solving a problem or accomplishing a task.
Algorithms,"Algorithms can be expressed in many forms, including natural language, pseudocode, flowcharts, and programming languages."
Algorithms,The efficiency of an algorithm is often measured in terms of its time complexity and space complexity.
Algorithms,Time complexity describes how the runtime of an algorithm grows as the size of the input grows.
Algorithms,Space complexity describes how much memory an algorithm uses as the size of the input grows.
Algorithms,"Algorithms can be classified based on their design paradigms, such as divide and conquer, dynamic programming, and greedy algorithms."
Algorithms,"Divide and conquer is a strategy where a problem is divided into smaller subproblems, solved recursively, and then combined to solve the original problem."
Algorithms,"Dynamic programming is a strategy where the solution to a problem is built up from solutions to smaller subproblems, usually stored in a table to avoid redundant calculations."
Algorithms,Greedy algorithms make locally optimal choices at each step with the hope of finding a global optimum solution.
Algorithms,"Sorting algorithms are algorithms that arrange elements in a list in a specific order, such as numerical or lexicographical order."
Algorithms,"Common sorting algorithms include bubble sort, insertion sort, selection sort, merge sort, quick sort, and heap sort."
Algorithms,"Searching algorithms are algorithms that locate a specific item in a data structure, such as an array or a tree."
Algorithms,"Common searching algorithms include linear search, binary search, and hash-based search algorithms."
Algorithms,"Graph algorithms are algorithms that operate on graphs, which consist of vertices (nodes) connected by edges (lines)."
Algorithms,"Common graph algorithms include breadth-first search (BFS), depth-first search (DFS), Dijkstra's algorithm for shortest paths, and Prim's algorithm for minimum spanning trees."
Algorithms,"String algorithms are algorithms that operate on strings, such as searching for patterns or manipulating strings."
Algorithms,"Common string algorithms include pattern matching algorithms like Knuth-Morris-Pratt (KMP) and Rabin-Karp, as well as algorithms for string manipulation like reversing or sorting."
Algorithms,"Numerical algorithms are algorithms that operate on numbers, often to solve mathematical problems or perform numerical computations."
Algorithms,"Common numerical algorithms include algorithms for finding roots of equations, solving systems of linear equations, and numerical integration or differentiation."
Algorithms,Machine learning algorithms are algorithms that enable computers to learn from and make predictions or decisions based on data.
Algorithms,"Common machine learning algorithms include linear regression, logistic regression, decision trees, support vector machines, and neural networks."
Algorithms,Cryptographic algorithms are algorithms used to secure communications and protect data from unauthorized access.
Algorithms,"Common cryptographic algorithms include symmetric-key algorithms like AES and DES, and public-key algorithms like RSA and ECC."
Algorithms,Optimization algorithms are algorithms used to find the best solution to a problem from a set of possible solutions.
Algorithms,"Common optimization algorithms include genetic algorithms, simulated annealing, and gradient descent."
Low level programming,"Low-level programming refers to programming at a level close to the hardware, such as machine code or assembly language, where instructions directly correspond to machine instructions."
Low level programming,Machine code is the lowest level of programming language and consists of binary code that can be executed directly by a computer's CPU.
Low level programming,"Assembly language is a low-level programming language that uses mnemonic codes to represent machine instructions, making it easier for humans to read and write compared to machine code."
Low level programming,Low-level programming allows programmers to have more control over hardware resources and to write programs that are more efficient and performant.
Low level programming,"Low-level programming is often used in embedded systems, device drivers, operating systems, and other performance-critical applications."
Low level programming,"In low-level programming, programmers must manage memory allocation and deallocation manually, which can be error-prone but offers greater control over memory usage."
Low level programming,"Low-level programming requires a deep understanding of computer architecture, including how CPUs, memory, and I/O devices work."
Low level programming,"Low-level programming languages are typically not portable across different hardware architectures, as they are closely tied to the specific features of a particular CPU or platform."
Low level programming,"Examples of low-level programming languages include assembly languages like x86 assembly, ARM assembly, and MIPS assembly."
Low level programming,"Low-level programming allows programmers to access and manipulate hardware directly, which is necessary for tasks like device driver development and interfacing with peripherals."
Low level programming,"Low-level programming is often used in performance-critical applications where speed and efficiency are paramount, such as real-time systems and high-performance computing."
Low level programming,Low-level programming can be more challenging and error-prone than high-level programming due to the need to manage low-level details and the lack of built-in abstractions.
Low level programming,"Low-level programming languages often lack high-level features like garbage collection, object-oriented programming, and exception handling, requiring programmers to manage these aspects manually."
Low level programming,"In low-level programming, code optimization is often done manually to achieve the best possible performance, as compilers may not be able to optimize code as effectively as a human programmer."
Low level programming,Low-level programming is essential for understanding how computer systems work at a fundamental level and is often taught in computer science and engineering programs.
Low level programming,"Low-level programming is used in the development of operating systems, where direct control over hardware is necessary for tasks like managing memory, scheduling processes, and handling interrupts."
Low level programming,"Low-level programming is also used in the development of device drivers, which are software components that allow the operating system to communicate with hardware devices."
Low level programming,"Low-level programming languages are often used in embedded systems, which are computer systems designed to perform specific tasks and are often found in consumer electronics, industrial control systems, and automotive applications."
Low level programming,"Low-level programming is used in the development of firmware, which is software that is embedded in hardware devices and is responsible for controlling their operation."
Low level programming,"Low-level programming can be more time-consuming and labor-intensive than high-level programming, as programmers must write more code to achieve the same functionality."
Low level programming,"Low-level programming requires a strong understanding of computer architecture and system programming concepts, such as memory management, file I/O, and concurrency."
Low level programming,"Low-level programming can be more error-prone than high-level programming, as programmers must manually manage memory and deal with low-level details that are often abstracted away in higher-level languages."
Low level programming,"Low-level programming is often used in security-critical applications, where direct control over hardware is necessary to implement security measures like encryption and access control."
Low level programming,"Low-level programming is used in the development of operating systems kernels, which are the core components of an operating system responsible for managing hardware resources and providing essential services to applications."
Low level programming,"Low-level programming is a valuable skill for programmers working in systems programming, embedded systems development, and other fields where direct control over hardware is necessary."
Web Development,"Web development is the process of creating websites and web applications, typically using languages such as HTML, CSS, and JavaScript."
Web Development,HTML (HyperText Markup Language) is the standard markup language used to create the structure of web pages.
Web Development,"CSS (Cascading Style Sheets) is used to style the appearance of web pages, including layout, colors, and fonts."
Web Development,JavaScript is a programming language used to make web pages interactive and dynamic.
Web Development,Front-end development refers to the development of the user interface and user experience of a website or web application.
Web Development,Back-end development refers to the development of the server-side logic and database interactions of a website or web application.
Web Development,Full-stack development refers to the development of both the front-end and back-end of a website or web application.
Web Development,"A web server is software that serves web pages to users in response to their requests, typically using HTTP (Hypertext Transfer Protocol)."
Web Development,"A database is used to store and manage data for a website or web application, such as user information or product listings."
Web Development,"REST (Representational State Transfer) is a software architectural style for designing networked applications, often used in web development."
Web Development,"APIs (Application Programming Interfaces) are used to define how different software components should interact with each other, often used in web development to connect front-end and back-end systems."
Web Development,Responsive web design is an approach to web design that makes web pages render well on a variety of devices and window or screen sizes.
Web Development,Progressive web apps (PWAs) are web applications that use modern web technologies to provide a user experience similar to that of native mobile apps.
Web Development,Web accessibility refers to the practice of making websites and web applications usable by people of all abilities and disabilities.
Web Development,SEO (Search Engine Optimization) is the process of optimizing a website or web application to improve its visibility in search engine results.
Web Development,Web hosting is a service that allows individuals and organizations to make their websites accessible via the World Wide Web.
Web Development,"Content management systems (CMS) are software applications used to create, manage, and publish digital content, often used in web development to manage website content."
Web Development,"E-commerce refers to the buying and selling of goods and services over the Internet, often implemented using web development technologies."
Web Development,Web performance optimization is the process of improving the speed and efficiency of a website or web application.
Web Development,"Version control systems (VCS) are tools used to track and manage changes to source code, often used in web development to collaborate on projects and track changes over time."
Web Development,Web security is the practice of protecting websites and web applications from cyber threats and attacks.
Web Development,"Web analytics is the collection, measurement, analysis, and reporting of web data for the purpose of understanding and optimizing web usage."
Web Development,Single-page applications (SPAs) are web applications that load a single HTML page and dynamically update the content as the user interacts with the application.
Web Development,"Websockets are a communication protocol that provides full-duplex communication channels over a single TCP connection, often used in web development for real-time applications."
Web Development,Web standards are guidelines and best practices established by the World Wide Web Consortium (W3C) to ensure the long-term growth of the Web.
Computer Graphics,"Computer graphics is the field of study that focuses on the creation, manipulation, and representation of images and visual content using computers."
Computer Graphics,Pixels are the smallest unit of display on a computer screen and are used to represent images and graphics.
Computer Graphics,"Raster graphics, also known as bitmap graphics, are images made up of a grid of pixels, where each pixel has a specific color value."
Computer Graphics,"Vector graphics are images that are defined using mathematical equations to describe shapes, lines, and curves, making them scalable without losing quality."
Computer Graphics,"Rendering is the process of generating a final image from a 3D model or scene, taking into account lighting, shading, and other effects."
Computer Graphics,"Ray tracing is a rendering technique that simulates the way light interacts with objects in a scene, producing realistic images with reflections and shadows."
Computer Graphics,"Texture mapping is a technique used to apply a 2D image, called a texture, to a 3D model to give it more detail and realism."
Computer Graphics,"Anti-aliasing is a technique used to smooth out jagged edges in images, especially at lower resolutions, to improve image quality."
Computer Graphics,"Computer animation is the process of creating moving images using computer graphics, often used in movies, video games, and simulations."
Computer Graphics,"Keyframing is a technique used in animation to define the starting and ending points of an object's movement, with the computer interpolating the frames in between."
Computer Graphics,Motion capture is a technique used to record the movements of real objects or people and apply them to 3D models for realistic animation.
Computer Graphics,Shading is the process of adding color and texture to objects in a scene to make them appear more realistic.
Computer Graphics,"Rendering engines are software programs that generate images from 3D models or scenes, often using complex algorithms to simulate light and shadow."
Computer Graphics,"Virtual reality (VR) is a computer-generated simulation of a 3D environment that can be interacted with in a realistic way, often using specialized hardware."
Computer Graphics,"Augmented reality (AR) is a technology that overlays computer-generated images or information onto the real world, typically viewed through a smartphone or special glasses."
Computer Graphics,Computer-aided design (CAD) is the use of computer software to create detailed drawings and models for engineering and design purposes.
Computer Graphics,"Graphic design is the art of creating visual content for communication and expression, often using computer software to manipulate images and text."
Computer Graphics,"Fractals are complex geometric shapes that can be generated using mathematical formulas, often used in computer graphics for their intricate and repeating patterns."
Computer Graphics,Rendering pipelines are the series of steps that a computer graphics system goes through to convert 3D models into 2D images for display on a screen.
Computer Graphics,OpenGL and DirectX are two popular graphics APIs (Application Programming Interfaces) used for rendering 3D graphics in games and other applications.
Computer Graphics,"GPU (Graphics Processing Unit) is a specialized processor designed to handle the complex calculations required for rendering graphics, often used in conjunction with a CPU."
Computer Graphics,3D modeling is the process of creating a digital representation of a three-dimensional object or scene using specialized software.
Computer Graphics,"Polygonal modeling is a type of 3D modeling that uses polygons, such as triangles or quads, to create the surfaces of 3D objects."
Computer Graphics,"Ray tracing is a rendering technique used to simulate the way light interacts with objects in a scene, producing realistic images with reflections, refractions, and shadows."
Computer Graphics,"Computer graphics is a multidisciplinary field that combines elements of art, mathematics, physics, and computer science to create visually compelling images and animations."
